index,UMAP_1,UMAP_2,state
5448,12.177813,6.346173,start
5301,9.154177,6.9478416,start
5951,10.847277,5.646006,start
5246,7.2235107,3.55686,start
5841,12.839785,7.166265,start
5008,10.087451,4.6107473,start
5833,9.409709,5.252687,start
5672,8.393638,7.1955867,start
5657,12.208646,7.9319572,start
5007,11.074715,5.3938303,start
5012,10.271383,6.845325,start
5870,10.796988,3.201429,start
5024,13.673568,5.8278866,start
5760,12.675831,6.086803,start
5333,10.357983,4.186704,start
5570,10.839307,4.90817,start
5241,9.974468,2.6754575,start
5397,8.470906,7.321505,start
5981,8.550108,6.016486,start
5046,8.56251,6.7200823,start
5096,7.069347,3.9526105,start
5897,9.266445,7.6106563,start
5256,8.917874,3.4958487,start
5080,13.405192,6.025153,start
5973,11.432857,7.7639875,start
5619,12.032594,8.534228,start
5361,6.8602476,3.0188644,start
5401,9.422691,3.1103292,start
5784,13.499676,6.337457,start
5105,12.096642,6.652683,start
5485,12.761678,4.699301,start
5913,10.898912,7.1072836,start
5503,11.336183,8.568361,start
5987,9.188491,5.146302,start
5916,10.443419,2.7001917,start
5076,8.18244,5.896301,start
5263,9.885017,7.695639,start
5527,6.424237,4.1633844,start
5363,12.032327,7.18516,start
5186,11.638961,8.651763,start
5015,10.242952,5.8102007,start
5289,10.711687,7.841092,start
5145,11.6119,4.8565125,start
5119,12.326535,5.3694677,start
5685,9.900055,8.2953205,start
5223,7.864033,5.198252,start
6064,8.123108,6.3989506,start
5873,10.646571,5.312511,start
6092,9.695853,6.239358,start
5560,12.358865,5.9316926,start
5796,11.064264,5.604925,start
5946,8.418036,6.090992,start
5971,12.117525,5.3056884,start
5641,12.7613,5.45933,start
5282,7.7399917,6.512822,start
5408,9.4157915,4.0135117,start
5279,7.509661,3.25321,start
5020,11.393696,8.075891,start
5807,5.803469,5.729296,start
5208,10.521896,2.5860362,start
5549,9.3370905,5.448277,start
5801,7.286173,8.201425,start
5402,10.821865,6.6602726,start
5542,10.903767,3.0814545,start
5342,8.105797,7.4731207,start
5710,12.314142,5.244303,start
5939,9.775093,2.815938,start
5239,10.209224,7.4725337,start
5537,10.268673,5.0474124,start
5849,6.7249374,6.437369,start
5519,9.61791,7.3076606,start
6050,12.908229,6.5293756,start
5108,7.752365,5.47286,start
5766,6.0494184,7.5779676,start
6068,8.97695,2.828608,start
5443,13.57127,7.7267103,start
6020,7.2600484,5.1211686,start
5244,5.8174186,6.490478,start
5879,10.813726,5.8865843,start
5179,6.27029,7.9224086,start
5233,8.946426,4.518607,start
5138,7.8023396,6.7666373,start
5424,11.136915,3.282451,start
5918,10.433028,3.8776355,start
5828,13.613678,5.6262584,start
5305,11.470438,3.4492416,start
5381,10.997977,5.2427187,start
5836,9.681651,4.021037,start
5629,11.49823,3.6093736,start
6087,8.919258,6.9871364,start
5595,7.982504,4.054034,start
5066,12.775799,6.0325637,start
5743,10.862731,8.960987,start
5647,5.5429,5.2541447,start
5029,7.7576375,2.82097,start
5728,11.233608,4.3648825,start
5961,6.3729515,7.180551,start
5737,10.589205,9.126675,start
5422,7.7514277,6.994819,start
5087,8.9001875,5.5881596,start
5429,10.952188,3.5939815,start
6052,7.8222494,7.746141,start
5213,13.208824,7.7040977,start
5114,5.5772204,5.9012403,start
5898,12.425015,4.0953417,start
5069,11.541182,7.625721,start
5232,12.142648,4.0747848,start
5696,11.198735,3.0985725,start
5081,8.826701,6.0501714,start
5980,8.101025,6.155435,start
5917,11.112651,7.4758334,start
5905,13.564214,6.4620967,start
5698,8.575412,3.2159224,start
6079,6.7700644,5.0502224,start
5822,11.685802,5.821483,start
5646,8.975534,4.5752068,start
5214,9.906372,3.8954132,start
5366,10.563856,6.861285,start
5297,9.796309,8.078116,start
5998,11.301018,3.3976676,start
5969,8.865835,6.9447494,start
5532,8.249084,8.470507,start
5837,11.949157,5.040826,start
5508,8.087919,7.0005274,start
6075,7.2905293,5.5864735,start
5910,8.248208,5.322549,start
5126,6.4260445,4.956257,start
5446,13.933603,7.139622,start
5995,10.27752,3.88499,start
5268,5.9715314,7.7348666,start
5510,8.062766,4.7709103,start
5677,12.294478,5.120246,start
5109,7.365489,4.975437,start
5625,7.2974772,6.911779,start
5434,7.1204505,5.305754,start
5965,11.718476,6.2629795,start
5767,7.8241568,6.617853,start
5651,11.978959,8.338578,start
5608,9.102624,4.455287,start
5626,6.659809,5.497609,start
5716,11.40294,6.5473075,start
5638,7.072297,4.0405354,start
5133,5.9418216,7.1516933,start
5068,11.806205,6.8110013,start
5777,10.46481,4.6393003,start
5150,9.619863,8.805888,start
5791,6.6743655,6.1204834,start
5349,9.573489,6.860035,start
5336,10.314094,3.9656417,start
5221,7.7378373,4.0912194,start
5023,13.18015,6.961688,start
6010,11.40915,4.140218,start
6070,10.014495,5.7075157,start
6081,8.516325,6.1039286,start
5776,8.984216,6.6370115,start
5684,10.974481,8.616663,start
5768,5.1093993,4.7957683,start
5789,12.621017,2.9814677,start
5407,7.9130673,3.5685062,start
5132,11.954633,5.1408515,start
5033,11.077414,3.7655241,start
5092,9.229723,8.329153,start
5476,10.787453,2.7935033,start
5418,9.0828705,3.0677798,start
5896,6.1547694,4.5451813,start
5704,6.287157,7.9278874,start
5725,10.947489,3.695468,start
5300,7.7968774,5.6473093,start
5147,9.074133,7.846383,start
5757,10.856597,4.7753863,start
5353,9.347734,3.7998633,start
6047,8.575969,4.4583583,start
5960,8.186367,2.837125,start
5614,10.405473,4.584954,start
5904,13.232478,7.4101806,start
5430,11.403369,3.1733105,start
5719,11.548534,5.1764565,start
5273,11.431032,6.2034516,start
5149,13.4337015,6.524579,start
5847,10.806889,3.4471638,start
5974,12.728652,5.693286,start
6031,5.160214,5.1714153,start
5808,6.321528,6.794487,start
5308,9.921573,8.089608,start
5618,9.702272,5.9375663,start
5976,8.89424,3.6501102,start
5219,11.119706,3.7595334,start
5702,12.742628,7.4252276,start
5945,6.2867675,4.281302,start
5640,10.409746,4.397291,start
5514,9.863121,5.828963,start
5082,7.746337,6.416946,start
5283,10.180775,7.1153016,start
5901,9.476779,8.92175,start
5730,10.99047,8.118909,start
5600,8.59312,7.3587966,start
6011,10.380253,8.8564,start
5701,9.098621,8.470485,start
5881,12.72727,4.2692475,start
5165,9.42276,7.661282,start
5285,6.0457616,6.2485037,start
5396,6.8712697,8.147379,start
5929,13.617154,5.1779003,start
5164,6.7316833,3.5231009,start
5456,10.931862,9.050163,start
5130,7.5887036,2.903761,start
5832,13.429886,6.2336936,start
5318,7.5229545,8.328254,start
5078,7.184892,3.3243973,start
5903,12.528136,5.082341,start
5891,10.16318,3.714928,start
5393,11.327864,3.5088844,start
5735,7.7528377,3.813266,start
5683,10.731236,8.793915,start
5622,6.260177,6.77705,start
6053,13.608647,7.842118,start
5258,12.095579,3.3402069,start
6049,8.960968,4.0438023,start
5756,7.491674,4.914253,start
5047,9.035968,5.4405646,start
5065,12.179897,6.5417986,start
5516,11.922385,5.057325,start
5338,11.829844,3.3368635,start
5924,12.57002,7.674304,start
5054,10.678565,8.395102,start
5264,14.026821,6.368679,start
5391,5.582911,6.7176557,start
5155,12.36971,4.8424425,start
5854,9.653523,3.547179,start
6045,12.546379,7.329684,start
5134,12.884008,3.6566339,start
5708,9.137918,8.81359,start
6094,11.220553,9.211877,start
5754,8.099083,7.884975,start
5420,6.1643186,5.2289653,start
5004,10.21618,8.814348,start
5444,6.738175,3.6384933,start
5654,8.448426,7.367048,start
6019,10.790592,3.4327273,start
5097,10.843074,6.95201,start
5192,8.681739,6.9690614,start
5637,11.757371,4.380566,start
5089,6.364503,5.44425,start
5359,7.6543756,8.032978,start
5984,13.674651,6.0798864,start
5479,7.430979,4.7665763,start
5851,8.1598425,3.7086277,start
5809,8.700684,3.4343827,start
5554,9.6858225,5.025417,start
5426,6.2764506,5.1832833,start
5310,9.591156,8.461052,start
5802,7.2618117,5.6431675,start
5286,8.992332,3.0714622,start
5191,6.3988004,4.995153,start
5311,13.097422,5.7518206,start
6021,7.5653586,4.371625,start
5193,11.838342,5.500889,start
5781,12.841442,7.9184585,start
5667,8.775807,7.4114537,start
6058,12.737431,7.6628146,start
5890,6.52788,7.040421,start
5927,13.045638,7.618597,start
5288,11.516061,6.065575,start
5738,6.9375286,8.194795,start
5280,12.566602,5.795022,start
5563,12.000653,6.160567,start
5116,13.47742,5.261296,start
5141,11.652492,7.1451883,start
6078,6.1851125,6.6317835,start
5099,6.446222,5.5444894,start
6080,11.867808,3.932287,start
5840,9.719645,5.034942,start
5162,13.066178,6.3973985,start
6072,5.0071197,5.174569,start
5323,11.27842,4.6943383,start
5079,11.529142,4.2910404,start
5287,9.135454,3.3212488,start
5900,10.2675495,2.872335,start
5955,11.27055,6.097563,start
5052,12.604171,8.230085,start
5113,11.773871,4.646048,start
6018,11.72791,5.643477,start
5845,6.9103312,4.4261007,start
5091,13.339635,4.6257143,start
5497,10.17805,5.2073336,start
5169,11.168104,4.1499634,start
5713,11.064121,5.136611,start
5146,9.950634,8.736266,start
5370,11.6778755,9.017419,start
6015,9.74442,6.255027,start
5582,11.660815,2.9163191,start
5787,8.452637,7.878703,start
5507,12.778621,6.396231,start
6023,13.96514,6.9454207,start
5606,10.97634,4.9164543,start
5021,10.577318,4.8738313,start
5106,10.52479,8.713778,start
5761,12.96279,4.3399243,start
6036,10.647027,6.9980597,start
5112,8.661028,8.206697,start
5317,9.9477415,5.6787577,start
5205,13.445441,6.4188824,start
5569,9.490379,4.446913,start
5129,13.988562,6.4477797,start
5813,9.723098,5.8512554,start
5551,7.5692673,3.8873186,start
5062,6.543381,5.646556,start
5392,7.749337,5.3817534,start
5372,12.522541,4.8827305,start
5665,8.199084,3.3771734,start
5783,9.726107,2.591525,start
5018,11.229626,2.93594,start
5254,9.102684,6.0150843,start
6042,12.159407,7.8546295,start
5178,12.027474,8.062168,start
5351,9.342498,6.2057257,start
5920,12.567959,3.1726213,start
5804,7.58422,5.449137,start
5792,9.953393,3.4912593,start
5871,7.6195846,7.4582067,start
5799,9.113869,7.142151,start
5481,12.495432,3.762884,start
5206,8.173251,7.485038,start
5383,11.051532,6.867908,start
5266,11.777206,4.4815984,start
5357,10.3732195,6.0059977,start
5043,8.590082,5.680219,start
6082,13.729563,6.7366757,start
5741,12.067946,4.897461,start
5655,10.043653,7.197629,start
5332,10.942227,7.652638,start
5644,6.0377297,4.3549004,start
6006,7.038578,4.3267436,start
5144,11.789956,8.560104,start
5534,11.477525,7.1504846,start
5120,10.502128,6.7126346,start
5452,9.190855,7.0587935,start
5882,9.08585,7.5172353,start
5540,7.607535,5.5488114,start
5486,6.0693374,5.623726,start
5715,9.34445,4.8472257,start
6066,11.39978,2.420442,start
5083,12.722517,4.174591,start
5243,8.633898,8.674001,start
5752,11.220172,1.9054275,start
5217,8.163502,6.8916583,start
5115,10.648497,7.555116,start
6037,11.745089,3.6056523,start
5559,12.431178,5.649167,start
5398,10.395234,6.0499277,start
5893,7.3188305,7.624003,start
5041,7.429558,8.4957485,start
5074,7.678525,4.3993855,start
5680,11.293706,4.0437407,start
5869,9.842809,6.7632246,start
5578,6.393806,3.8434148,start
5177,10.369278,3.993405,start
5261,8.194085,3.943302,start
5750,9.338728,5.0854273,start
5839,10.26342,5.060771,start
5584,11.155262,7.8172474,start
6012,10.477537,5.723516,start
5412,7.854222,3.9573138,start
5727,9.485974,2.4363272,start
5197,7.9025764,7.17699,start
5331,8.807952,4.867881,start
5104,11.231477,4.015788,start
5267,10.852688,8.354167,start
5406,10.917888,4.3120537,start
5362,9.22927,8.538185,start
5302,5.702067,5.892494,start
5375,8.84921,6.0729895,start
5016,7.827953,8.090094,start
5742,9.437394,4.9819827,start
5572,12.591747,2.8430786,start
5866,9.72514,5.9058776,start
5212,13.012917,5.0493793,start
5037,9.40558,5.2442274,start
5471,9.586044,6.0915966,start
5495,12.739612,6.898808,start
5416,11.812121,6.788095,start
5341,12.410977,6.2446976,start
5583,10.339072,3.055105,start
5010,12.835397,5.143917,start
5235,10.627233,4.413914,start
5867,12.821694,7.75638,start
5912,11.205841,6.4312134,start
5694,9.865937,9.186571,start
5304,7.371045,3.2682552,start
5531,6.4793186,6.8561745,start
5152,8.415407,5.402144,start
6034,10.157276,5.194861,start
5830,10.037292,4.426835,start
5050,10.239517,4.5497637,start
5411,13.667822,8.015537,start
5941,11.478671,3.5272634,start
5386,12.835527,4.2841682,start
5607,12.714075,7.6079454,start
5852,11.748634,5.9734564,start
5194,11.192704,5.9333353,start
5090,9.361239,7.3226805,start
5154,10.881086,3.378729,start
5051,9.113382,7.821351,start
5009,6.4428725,6.628846,start
5045,6.677968,5.4272394,start
5522,11.124088,7.6814785,start
5470,9.253561,4.0513396,start
5868,8.219001,3.8748186,start
5387,5.7784734,5.54958,start
5327,9.742384,8.353506,start
6007,11.387265,8.556715,start
5124,12.873066,7.271757,start
5999,10.821782,7.220671,start
5824,9.044216,8.346889,start
5277,6.7959237,7.764307,start
5633,10.505979,2.7564871,start
5682,11.895537,4.4098697,start
5675,11.938554,3.5590353,start
6041,12.732734,5.7474937,start
5914,7.4523816,6.977969,start
5605,9.798764,7.022219,start
5681,9.340036,4.8467274,start
6009,8.823079,3.3760912,start
5994,9.510599,6.5466304,start
5464,6.9164386,3.1823418,start
5691,12.9189205,5.622891,start
5504,12.264504,5.563393,start
5404,10.0784855,2.5822995,start
6030,5.824512,6.789251,start
5921,5.5950623,6.2418833,start
5019,9.696925,6.250619,start
5220,10.203001,3.3074183,start
5740,7.5703335,7.3826127,start
5748,8.716243,7.5871663,start
5515,10.519161,3.9899333,start
5993,9.310819,2.7992268,start
5432,5.940139,5.8037686,start
5303,8.696011,4.183079,start
5581,5.9830728,4.998795,start
5385,8.964923,6.3745756,start
5185,7.772868,3.3315015,start
5461,13.606195,8.047776,start
5812,10.116353,4.291522,start
5356,7.444601,3.9021661,start
5238,10.198141,4.865167,start
5458,10.081098,8.573146,start
6048,8.038705,5.632263,start
5431,8.309307,6.7922416,start
5628,14.2011385,7.03668,start
5101,11.086728,4.8170004,start
5364,10.711048,7.630532,start
5992,11.674048,8.406317,start
5517,10.012099,6.172024,start
6090,9.247384,8.60143,start
5056,12.156608,7.4978704,start
6044,8.427074,4.500458,start
5163,10.676263,5.3189573,start
5705,8.868767,7.9746647,start
5453,7.6011972,8.172009,start
5819,8.4268265,6.5004735,start
5895,8.771519,3.113341,start
5709,11.753912,4.7304215,start
5291,10.7639475,4.820835,start
5769,11.239596,2.1007044,start
5983,11.827179,8.598498,start
5579,9.889279,4.016949,start
5229,7.501104,4.7246475,start
5260,10.068538,7.5378923,start
5686,6.670418,4.7339525,start
5782,6.541791,3.9726868,start
5674,10.828607,6.900106,start
5513,6.756629,4.572377,start
5656,8.21166,4.295584,start
5815,4.8741584,5.012699,start
5042,12.295442,6.4029837,start
5649,5.4136844,5.5494957,start
5744,7.061969,7.5875754,start
5530,12.5731945,4.103831,start
5459,5.9049726,7.418218,start
5189,13.311477,6.376578,start
5780,6.3281584,7.087194,start
5315,10.990888,2.9080906,start
5964,12.63577,3.638453,start
6056,7.7767744,6.447945,start
5662,8.086751,2.4967003,start
5358,7.4205346,3.8066893,start
5437,5.8126864,6.268829,start
5818,10.48369,7.044037,start
5128,7.3107634,8.366034,start
5071,13.629609,7.365237,start
5899,6.8078265,4.941825,start
5188,6.8671017,6.4246206,start
5330,7.819112,8.018595,start
5468,10.82071,7.9742002,start
5875,6.09593,7.076769,start
5690,10.277438,3.5410008,start
5122,6.6022882,6.3025956,start
5736,10.064349,6.336819,start
5158,7.98704,6.285594,start
5439,9.5050335,5.7127786,start
5590,11.968259,3.5009239,start
5210,7.8699584,3.9274666,start
5399,9.691079,6.798364,start
5137,8.101064,8.787656,start
5811,12.308639,7.9774065,start
5440,11.678603,6.9662933,start
5226,5.742403,5.522631,start
5493,10.556144,7.08399,start
5242,6.863518,7.425496,start
5395,6.4369183,3.8307776,start
5785,7.197716,7.5984693,start
5173,5.9170322,6.9336605,start
5935,5.587864,6.847971,start
5848,9.923014,8.34173,start
5596,9.201773,3.792783,start
5278,9.978407,7.0612583,start
5465,11.457546,6.932312,start
5272,10.036874,6.2868605,start
5526,9.136689,3.9173515,start
5123,10.648436,8.212717,start
6001,10.36116,5.586525,start
6077,8.656871,8.830017,start
5632,11.874033,8.773654,start
5835,9.329262,8.828113,start
5257,5.5872183,5.199251,start
5415,9.28613,6.576824,start
5989,11.020883,5.223793,start
6054,11.07834,8.902125,start
5265,5.968889,4.8443003,start
5026,13.6499405,6.3973446,start
5200,8.339761,5.4735227,start
5339,6.751356,7.677428,start
5671,8.601091,3.1325645,start
5462,11.286827,7.244337,start
5380,12.77168,5.0163345,start
5844,9.187145,4.6824293,start
5689,12.532623,2.9786355,start
5117,13.203823,4.64863,start
5253,7.9039435,4.9588795,start
5389,9.339672,7.130399,start
5502,11.277673,6.9016533,start
5880,10.720598,7.2068825,start
5143,8.355889,8.366489,start
5190,10.130884,2.9022615,start
6088,12.0535,7.023833,start
5139,13.804696,6.632592,start
5048,8.326495,4.616997,start
5131,10.93357,6.3520527,start
5417,9.173977,5.945632,start
5421,10.208533,8.331924,start
5525,5.2654653,4.6759067,start
5403,12.260048,6.034724,start
6074,11.169062,2.1755595,start
5290,9.916714,7.456432,start
5934,6.6211557,4.2351527,start
5872,11.779208,2.2815855,start
5474,11.032436,5.3656883,start
5937,12.572622,7.109733,start
5196,7.7278905,3.4632227,start
5986,7.48404,7.6327353,start
5892,8.872987,8.888554,start
5909,12.168725,4.7031713,start
5107,8.094714,8.298913,start
5762,5.554564,6.431182,start
5343,10.19012,5.0231247,start
5093,9.986566,3.5333703,start
5723,12.998943,5.638694,start
6016,8.594644,7.673966,start
5947,13.1676035,4.566165,start
5707,6.7556396,6.636148,start
5157,9.08216,4.152062,start
5922,13.987617,7.149875,start
5005,7.884394,4.146258,start
5712,11.460728,6.1909323,start
5668,12.182415,8.694453,start
5360,8.383689,4.324099,start
5478,9.650065,5.4149985,start
5204,11.302649,8.108583,start
5488,8.4341955,4.338131,start
5826,10.284791,6.44749,start
5555,12.595602,3.665954,start
5949,6.0852056,3.7450516,start
5499,8.96862,6.508176,start
5367,8.378719,3.3778856,start
5436,13.934139,5.4817467,start
5648,9.984144,6.3818994,start
5950,6.544113,5.3179603,start
5520,9.677902,7.3124027,start
5798,11.859043,8.4748955,start
5181,8.686377,7.14719,start
6096,8.707445,7.763847,start
5687,7.114355,6.1588473,start
5886,7.601707,6.2164598,start
5477,8.281447,4.4068727,start
5174,9.851232,9.068205,start
5650,10.143932,8.437568,start
5942,9.554833,5.2908654,start
6086,6.6127467,6.667741,start
5919,12.635069,5.695308,start
5247,12.306754,3.5955973,start
5523,12.537534,3.2254305,start
5161,11.639651,4.0429516,start
5441,10.631206,8.898004,start
5207,7.769334,6.6595597,start
5660,8.3407135,6.2123623,start
5313,11.123421,4.333979,start
5475,6.4949493,6.3240995,start
5774,13.812215,5.8293815,start
5153,10.72204,8.354813,start
5168,11.348992,5.036461,start
5070,9.211388,7.8482947,start
5319,7.171776,7.0161996,start
6065,13.006055,4.886368,start
5394,13.827673,6.673856,start
5299,6.112446,4.91963,start
5215,9.051328,6.3188643,start
5352,13.1661215,5.266644,start
5829,13.962211,6.1970057,start
5281,9.436466,8.40898,start
5270,9.23009,9.223365,start
5378,8.13446,4.823511,start
5553,8.708645,3.6481133,start
5561,8.094017,5.6481557,start
5195,7.1923,4.252724,start
5199,7.9785957,3.1052861,start
5176,10.968086,5.552992,start
5245,13.329872,6.980148,start
5617,10.689492,3.5599747,start
5222,5.995336,6.509343,start
5376,11.912568,6.8832164,start
5943,9.620117,7.8793335,start
5982,12.541413,4.056503,start
5706,10.41434,4.916626,start
5103,10.648755,9.092747,start
5966,8.997374,4.902504,start
5990,10.329367,8.579391,start
6084,12.774943,3.6262665,start
5269,8.6117,6.382187,start
5846,10.798133,5.795212,start
5125,9.718858,6.95705,start
5337,8.129469,8.429028,start
5529,11.159364,8.076306,start
6043,13.396391,7.0639606,start
5073,8.174618,5.5601363,start
5455,9.333446,5.43849,start
6062,13.689139,5.264129,start
6095,8.390989,3.68114,start
5292,12.020436,7.696506,start
5615,7.24862,4.416226,start
5573,10.079386,8.046152,start
5314,8.795034,7.540028,start
5061,11.65739,8.024608,start
5140,11.800015,6.6638536,start
5034,8.010731,6.971344,start
5250,11.222288,7.63916,start
5763,9.149705,7.7596326,start
5201,8.426237,5.310564,start
5726,12.216113,4.156085,start
6071,7.533055,3.193975,start
5734,5.6039467,5.619356,start
5642,9.749045,4.2962775,start
5044,13.496011,5.2052574,start
5753,11.762132,5.4492755,start
5136,9.840425,6.813952,start
5166,6.2681465,3.901003,start
5382,7.7773867,4.7721496,start
5262,13.186266,6.131093,start
5038,10.123826,3.6808217,start
5334,7.3937793,7.6509056,start
5075,8.077893,7.928019,start
6073,11.118493,8.458026,start
5968,9.626583,9.042421,start
5988,12.036429,3.4525993,start
5067,12.4848795,3.010707,start
5991,6.165525,6.095612,start
6076,6.8744183,6.7950897,start
5790,7.34106,2.98017,start
5676,12.3583,7.1661735,start
5575,6.7927747,7.6605825,start
5678,9.442573,6.0367455,start
5084,7.5036826,7.2220635,start
5483,10.128889,8.621082,start
5445,5.7957263,4.739808,start
5975,5.9672523,7.584974,start
5374,12.443329,3.9974997,start
5539,11.158954,6.6805263,start
5972,10.290443,7.8868446,start
5274,6.5659003,6.1408696,start
5806,5.666511,4.7920437,start
5688,8.538029,6.207885,start
5558,11.590636,4.437535,start
5500,7.9517083,5.2261724,start
5967,13.1931925,7.291614,start
5355,8.563142,4.4158707,start
5970,11.673488,4.1672482,start
5850,11.168052,4.7945747,start
5259,10.659134,7.8322186,start
5954,9.35445,2.4775076,start
5344,7.4194026,5.7424827,start
5031,6.7709417,4.8475285,start
5494,9.604621,4.5798125,start
5377,9.727517,9.308966,start
5237,6.2058806,6.6059356,start
5538,9.716859,7.5871334,start
5167,12.483601,7.2974677,start
5663,8.013196,5.6687217,start
5862,8.733773,3.3628979,start
5794,11.643184,4.3625007,start
5773,7.6672993,3.1421604,start
5251,12.677096,4.7900133,start
6060,9.93851,2.2693827,start
6029,9.411129,7.207834,start
6014,9.780335,2.3407412,start
5624,10.058264,7.485889,start
5894,12.467767,7.2104115,start
5271,12.623505,4.99528,start
5472,10.519137,2.7131743,start
5699,11.077019,6.4849095,start
5369,9.829637,7.6723,start
5216,11.715823,5.4912925,start
5940,12.286889,7.423399,start
5938,8.833517,2.8687224,start
5855,10.122656,2.8107705,start
5751,5.7505383,6.014447,start
5771,6.355512,5.5151744,start
5589,7.826187,7.425488,start
5324,7.696421,3.3429358,start
5775,10.860855,9.223538,start
5030,6.635852,3.9577312,start
5202,12.050186,5.41227,start
5467,11.912077,5.801684,start
6017,6.463388,4.183878,start
5697,7.535625,5.061995,start
5209,10.675652,6.6414733,start
5379,12.337498,8.130469,start
5876,13.035611,4.5531745,start
5236,8.620219,5.912672,start
5567,7.9322386,6.441001,start
5926,10.544933,7.7201786,start
5857,13.75399,6.0561957,start
5309,11.031677,7.2546163,start
5758,10.866999,2.870777,start
5906,11.850588,7.040816,start
5603,7.619837,4.1431184,start
5160,11.373952,7.391962,start
5390,11.269845,1.997084,start
5936,5.606129,5.361732,start
5598,8.2020035,5.066053,start
5703,13.0202265,3.811989,start
5745,10.373995,2.8065555,start
5231,5.8024697,7.201025,start
5171,7.1368012,7.097358,start
5487,9.651412,6.6775184,start
5810,9.949023,5.7104445,start
5574,7.3480444,2.747493,start
5888,13.848239,7.2562957,start
5183,12.247395,4.5594277,start
5985,9.900525,5.600793,start
5017,7.141319,4.502871,start
5312,7.5047894,5.449813,start
5121,5.8532205,6.34729,start
5249,10.469866,6.388029,start
6083,13.967265,7.6088533,start
5931,11.033324,6.360068,start
5700,11.283244,3.8058896,start
5679,11.041207,5.799557,start
6039,9.437699,5.57978,start
5659,11.549566,5.3209,start
6028,12.093922,7.581878,start
5384,6.9275956,4.6677423,start
5098,10.588797,5.9792566,start
5884,9.440629,3.1123273,start
5100,6.964593,7.364372,start
5306,8.287586,8.174831,start
6091,12.670924,8.440672,start
5180,8.72539,8.146178,start
6024,7.1816177,7.025525,start
5635,9.3110075,7.5218053,start
6035,8.779408,3.9775138,start
5566,10.462359,5.327379,start
5695,10.234784,5.66823,start
5958,11.222905,2.8379827,start
5557,6.374159,7.574408,start
5294,9.2355585,9.167398,start
5952,11.23314,8.93574,start
5425,11.612743,5.513341,start
5373,11.360754,6.689316,start
5861,5.6751184,5.559662,start
5182,7.2377543,4.2554917,start
6089,9.806617,6.647724,start
5354,13.734227,6.993294,start
5225,7.261906,4.498726,start
5718,6.249429,6.4083138,start
5400,13.02859,5.4493175,start
5284,8.358544,2.697167,start
5979,5.1116667,5.0835743,start
5111,10.432009,3.7792075,start
5930,13.200841,5.920431,start
5805,7.9954777,7.6172433,start
5997,8.175425,4.584104,start
5963,8.705407,3.7910054,start
5491,12.148778,7.815113,start
5335,12.890829,3.1456494,start
5797,10.429984,3.2002206,start
5198,9.436921,4.1616173,start
5733,12.35341,6.168962,start
6032,9.663746,2.953378,start
5187,12.712049,8.560151,start
5409,11.22364,5.9982023,start
5442,9.386058,6.688248,start
5325,12.977495,6.638121,start
5156,9.060958,6.9613724,start
5877,12.273832,6.639092,start
5962,9.322131,2.6507,start
5032,10.012219,6.0977535,start
5759,8.498264,4.9801936,start
5817,9.345007,7.762714,start
5329,9.383178,3.4552991,start
5568,6.244502,7.484448,start
5915,8.11339,2.7628555,start
5423,13.668887,6.944176,start
5035,11.503775,4.7089915,start
5234,13.1879635,7.2474484,start
5086,12.029478,8.015492,start
5022,8.119366,6.254211,start
5562,10.653419,7.039343,start
5345,9.639783,4.3595824,start
5765,6.132376,4.121965,start
5388,10.149494,7.4659743,start
6013,11.544132,6.709195,start
5036,11.642515,3.274087,start
5720,7.493969,4.076741,start
5059,8.436932,7.508571,start
5611,9.787792,4.3709636,start
5977,13.202264,4.3712163,start
5636,6.507711,8.220357,start
6051,6.3797636,7.8354473,start
5692,13.224354,7.5836,start
5544,5.7490234,4.527069,start
5450,10.879759,7.3020043,start
5094,13.042055,6.1093907,start
5673,12.3705635,2.6247017,start
5550,9.834205,4.693919,start
5778,7.017871,5.663914,start
5511,12.801571,6.6571593,start
5772,10.131819,3.9746714,start
5803,11.32789,8.105633,start
5902,5.9416227,5.2069845,start
5307,10.610616,6.3753734,start
5248,10.988903,2.0074508,start
5368,10.492826,5.401181,start
5634,8.079536,3.5697575,start
5365,8.1386385,3.5234275,start
5661,5.667201,4.5030894,start
6022,8.630275,5.6660357,start
5371,8.707783,5.535389,start
5014,7.061066,6.730291,start
5457,9.900839,4.5231295,start
5172,10.631437,2.9385688,start
5110,8.963473,4.479503,start
5577,13.843616,7.064709,start
5621,9.617103,8.614251,start
5932,12.664847,5.764654,start
5255,11.268842,7.3770247,start
5711,8.736369,8.978846,start
5693,11.6292305,8.871505,start
5463,6.455836,4.9084945,start
5820,11.754514,5.2981234,start
5599,7.2665057,4.589538,start
5293,9.884377,8.3473015,start
5564,11.662767,4.677969,start
5410,7.0385666,7.172352,start
5295,11.784969,5.078238,start
5322,12.04037,6.511466,start
5211,13.525513,7.3534102,start
5328,13.367963,8.295199,start
5454,9.251185,8.304012,start
5627,11.844159,6.175637,start
5928,12.426098,8.322479,start
5714,11.087959,5.4026365,start
5159,12.923989,7.738987,start
5175,8.696735,3.9382474,start
6046,13.554902,6.0040965,start
5793,10.29833,8.426227,start
5889,9.455497,6.455573,start
5948,12.775147,7.2098627,start
5095,8.401085,4.33624,start
5276,10.89141,5.1049905,start
5049,10.19141,8.186234,start
3337,-7.8680167,7.32121,goal
3294,-7.62005,7.165084,goal
8710,-5.378786,9.019282,goal
3474,-6.1914234,4.8332086,goal
8673,-5.90862,4.6285405,goal
3407,-7.6811037,2.7888331,goal
3467,-5.4700694,6.453176,goal
3351,-7.585138,4.402423,goal
3426,-6.7645507,8.729697,goal
3457,-6.7294745,5.894803,goal
3393,-6.4277477,3.9457924,goal
8624,-5.0177135,5.978394,goal
3436,-4.602537,6.4619727,goal
3302,-4.893547,6.3076773,goal
8628,-7.171361,5.445241,goal
8622,-8.089606,6.843507,goal
3245,-7.0512147,9.119104,goal
3347,-5.644952,7.6663694,goal
8598,-5.377009,5.5807586,goal
8713,-8.042976,5.1388946,goal
3248,-5.3888993,8.852887,goal
8697,-6.480242,6.379952,goal
3305,-6.270807,2.703383,goal
8676,-7.44522,2.52206,goal
3385,-5.8973675,5.2800803,goal
3456,-7.5171647,7.888586,goal
3256,-6.3411994,6.3496695,goal
8722,-6.7434926,2.7851515,goal
3377,-7.735534,7.614721,goal
3341,-4.704892,5.505261,goal
3205,-4.8191977,5.6940317,goal
8708,-6.941423,2.8877463,goal
3477,-7.526153,7.8174677,goal
3435,-7.462641,8.041009,goal
3431,-5.5310183,3.2981806,goal
3370,-6.2795634,4.0514092,goal
3390,-6.624561,6.315174,goal
8721,-7.1307034,3.4770432,goal
8741,-6.7789016,4.925721,goal
3397,-5.5785356,5.784849,goal
3485,-6.2703185,3.3340957,goal
8684,-4.750128,5.2388396,goal
3379,-5.4295015,2.3560379,goal
8609,-5.803072,7.2276816,goal
3391,-6.45778,5.4988637,goal
3262,-7.822442,3.1820138,goal
3223,-6.65925,3.6551304,goal
3382,-8.00805,6.867492,goal
3367,-5.7028365,9.93095,goal
8638,-7.461827,5.075188,goal
3375,-5.2768903,5.0942283,goal
3440,-6.0431175,1.8023299,goal
3279,-6.5592246,7.1356273,goal
8711,-6.3679733,4.597609,goal
8701,-6.3537354,9.0824,goal
8647,-6.187667,6.0835524,goal
8651,-5.801892,2.016538,goal
8680,-6.6991196,1.7293757,goal
3221,-4.9421268,3.7399275,goal
3478,-7.6877213,5.7595835,goal
3493,-5.635693,3.326218,goal
3293,-4.9062176,3.8022928,goal
8744,-7.1901875,5.325401,goal
8667,-5.7342105,3.7664723,goal
8739,-6.9055,3.7036774,goal
3497,-7.996533,4.529724,goal
3353,-7.0187335,3.0062945,goal
3329,-6.432174,1.9111198,goal
8687,-5.503952,7.041216,goal
3327,-7.8550997,4.9107223,goal
3217,-5.828062,2.4769855,goal
8620,-6.9353986,6.3824043,goal
8595,-6.2461557,3.8413634,goal
8635,-6.830804,6.0269365,goal
3270,-5.5427313,8.595095,goal
3229,-7.6592317,5.3795314,goal
3470,-5.3403,2.6589258,goal
8720,-6.3899975,2.3540406,goal
8599,-6.5328317,4.927472,goal
8695,-6.7070365,8.614478,goal
8675,-7.2659783,6.029412,goal
3444,-7.2834015,4.699994,goal
3446,-6.2945514,5.6031,goal
3418,-6.2882714,8.6665745,goal
8621,-6.2248054,10.063482,goal
3384,-5.7647724,6.487472,goal
8639,-6.9918323,5.5506563,goal
8597,-5.701849,6.8153334,goal
3360,-6.4585986,2.71251,goal
3314,-6.568972,3.3850188,goal
3339,-6.066316,6.4366727,goal
3257,-5.2335687,6.965451,goal
8642,-6.6020274,7.182013,goal
3249,-5.044606,5.973732,goal
3363,-5.564314,5.9943585,goal
3235,-5.4444437,8.801769,goal
3424,-5.989378,7.6833386,goal
3405,-7.5996857,8.159298,goal
8674,-5.837225,6.5340447,goal
3275,-5.8689256,9.68742,goal
8601,-6.7843375,4.421842,goal
3416,-5.629393,2.4454594,goal
3439,-7.616698,3.4926977,goal
8696,-8.104328,4.206805,goal
3348,-7.919228,4.7925878,goal
3242,-6.959453,9.458894,goal
3498,-6.456879,3.403692,goal
3368,-5.7102,5.233488,goal
3442,-6.149166,9.664226,goal
8637,-6.688052,1.666546,goal
3455,-6.492787,9.644715,goal
3316,-5.329041,3.1215358,goal
3410,-5.611117,6.591407,goal
3417,-6.6845803,4.7455935,goal
8613,-6.1420603,7.7940717,goal
8604,-7.498765,3.9809966,goal
3480,-6.261814,7.914938,goal
3427,-7.849911,6.827524,goal
3451,-7.757189,8.067377,goal
3484,-7.264173,8.363769,goal
3409,-5.998429,3.573117,goal
3303,-7.2946653,4.382392,goal
8727,-5.642869,3.4538114,goal
3371,-6.768299,4.0930867,goal
8660,-6.1264358,3.3982766,goal
3452,-6.4679074,6.4856167,goal
3259,-5.837187,3.496313,goal
8596,-6.756738,8.817699,goal
3331,-7.059706,4.7488265,goal
8594,-7.491883,7.045848,goal
8679,-6.7335243,4.7537265,goal
3462,-5.8208385,8.240935,goal
3206,-6.853772,3.049766,goal
3210,-6.865537,1.9935975,goal
3355,-6.9458003,6.2049627,goal
3260,-5.815265,4.03314,goal
3232,-7.4060693,3.692278,goal
8719,-7.1791873,7.210258,goal
3323,-5.884014,8.905935,goal
3230,-7.840809,4.9274564,goal
8646,-6.9913535,1.9789128,goal
8636,-6.058703,8.622749,goal
3268,-6.6003976,7.658507,goal
3307,-6.1007915,8.123216,goal
3396,-5.0575795,4.343255,goal
3490,-7.614893,6.653172,goal
3212,-6.428321,9.483314,goal
3354,-6.0790234,5.915868,goal
8654,-6.4526243,9.235961,goal
8677,-6.462342,8.030059,goal
3226,-6.717073,9.748492,goal
3313,-5.1798015,3.784841,goal
3487,-7.8669376,5.647345,goal
3395,-7.5454764,4.7940397,goal
3471,-5.6025996,9.151922,goal
3420,-6.1375737,2.7685115,goal
3349,-6.2618017,3.2861717,goal
3472,-7.9715524,4.800994,goal
3486,-5.942733,9.987224,goal
3330,-7.4363995,6.436547,goal
8725,-6.2672553,6.7905364,goal
8692,-7.872175,5.1026926,goal
3263,-5.5901294,9.541973,goal
8649,-7.7675776,4.2897177,goal
3204,-7.3564124,5.5959783,goal
8683,-7.7405787,4.754174,goal
3325,-5.6242614,6.625835,goal
3338,-7.760479,6.525763,goal
3488,-6.979604,4.93219,goal
3394,-5.9323845,9.491454,goal
3343,-6.1100802,9.832583,goal
8623,-6.4459834,8.9980545,goal
3271,-5.144906,4.132059,goal
8641,-7.0180235,3.0481787,goal
3250,-5.419679,7.1047015,goal
8629,-4.8550653,6.0780344,goal
8738,-6.349386,6.8040614,goal
8606,-6.473999,5.3430486,goal
8650,-6.6678,6.643004,goal
3400,-5.8680134,4.0429263,goal
3288,-5.8285394,6.884312,goal
8627,-6.1368103,4.572458,goal
3340,-7.432381,2.9722087,goal
3309,-7.1744485,3.7277608,goal
3458,-6.3780847,5.402719,goal
3482,-7.86744,5.878933,goal
3479,-5.4122376,6.574332,goal
3473,-7.3228436,3.2947912,goal
3208,-6.6064844,6.3177395,goal
3264,-6.507548,2.0113466,goal
3356,-6.5357795,4.5905514,goal
8657,-4.8147364,4.4478354,goal
3320,-6.012627,3.2067783,goal
3423,-5.58061,9.449618,goal
3500,-6.047761,5.2713227,goal
8672,-7.39276,2.3275788,goal
3411,-5.8285465,6.1335797,goal
8600,-7.008673,2.825166,goal
3277,-4.4839554,6.4675455,goal
3301,-6.0007925,3.81686,goal
8611,-6.7376432,8.211016,goal
8603,-7.178999,2.648923,goal
3460,-5.23199,5.8989205,goal
3274,-6.1899524,2.5585048,goal
8714,-7.416262,5.6874814,goal
3285,-7.4206696,8.356727,goal
3326,-7.349202,6.3434896,goal
3402,-6.707883,2.3508663,goal
3453,-6.8043756,7.650619,goal
3321,-6.3556266,7.31766,goal
3438,-5.7896013,9.265573,goal
3289,-5.807838,5.4868984,goal
3241,-6.1025233,9.20561,goal
3357,-6.299542,6.4982486,goal
3280,-6.9846416,7.504072,goal
8652,-7.135494,4.4703,goal
3276,-5.9242287,6.602586,goal
8718,-6.555239,7.0728583,goal
8689,-4.501206,5.9403744,goal
3286,-7.0610723,5.106054,goal
3328,-5.8180017,8.254189,goal
3233,-7.04637,4.07513,goal
3447,-6.640622,3.9355586,goal
3298,-5.324088,6.0222054,goal
3466,-4.619937,5.935573,goal
8662,-5.6200294,8.743569,goal
3434,-6.0828285,9.04499,goal
8653,-5.543201,7.2258267,goal
3415,-7.5818763,6.3415833,goal
8700,-5.0120487,5.140826,goal
3459,-6.6184316,3.4806032,goal
8640,-6.8045707,3.7479281,goal
3238,-6.6589365,3.2689629,goal
8715,-5.7089515,5.984686,goal
3465,-6.419897,7.9243865,goal
3476,-7.328008,8.644392,goal
3499,-5.753452,2.017981,goal
3422,-7.527608,6.8582873,goal
3243,-6.685095,5.485748,goal
3311,-5.563089,8.233884,goal
3491,-5.789911,1.9142531,goal
3403,-6.038439,5.2573657,goal
3297,-5.8475323,3.9378679,goal
3244,-5.752815,5.800556,goal
8602,-6.109155,3.9773667,goal
3300,-7.743862,6.7370014,goal
3272,-5.20917,3.6047304,goal
3386,-6.593696,8.871431,goal
3336,-7.664255,7.2462177,goal
8743,-6.5585885,5.7809095,goal
3445,-5.8820357,6.1656904,goal
8742,-7.1483836,2.2392287,goal
8633,-7.8890057,6.6457596,goal
8626,-5.8087497,6.8120484,goal
3358,-6.3476486,2.7800639,goal
8728,-7.14237,4.1232343,goal
3227,-7.718627,7.5239234,goal
3219,-8.196285,4.3886333,goal
3281,-6.032785,5.912505,goal
3228,-7.8816056,3.9756567,goal
3335,-5.385154,4.175536,goal
3225,-6.8551393,6.8236976,goal
8706,-8.170934,3.7946417,goal
3412,-5.304907,4.8594766,goal
8631,-7.576782,3.4684887,goal
8648,-5.591687,8.277267,goal
8736,-8.170103,6.594995,goal
3468,-6.8969564,5.6526036,goal
3296,-5.905946,3.505554,goal
3381,-7.1281056,8.910084,goal
3388,-8.175496,4.319542,goal
3406,-7.141322,8.400475,goal
3372,-5.423465,8.144384,goal
3332,-7.3980346,4.903367,goal
3213,-4.8493295,5.801,goal
8712,-6.9273233,9.661133,goal
3214,-5.008048,6.0082436,goal
3361,-5.734474,2.2553751,goal
8669,-5.126185,4.830993,goal
3469,-5.6084642,3.6678762,goal
3344,-6.9561753,4.08307,goal
3278,-6.0680947,4.289717,goal
3324,-6.98501,3.093332,goal
3333,-5.589663,3.0231013,goal
8681,-5.98344,6.2885246,goal
8668,-4.5398717,5.833246,goal
3315,-5.7019777,8.650266,goal
3359,-5.1095157,4.3147984,goal
3419,-6.4686165,3.702326,goal
3429,-6.1074395,4.285366,goal
8666,-6.500994,9.712684,goal
3428,-5.7545085,4.6551695,goal
3237,-5.5350375,9.211105,goal
3380,-5.3979836,5.2670503,goal
8616,-6.681536,8.081272,goal
3414,-6.24115,8.514824,goal
3483,-6.529993,4.010258,goal
3334,-7.9122663,5.706974,goal
3430,-4.8284864,5.7357016,goal
3441,-7.7940016,4.3870454,goal
8685,-5.854296,9.847386,goal
3489,-6.3074746,5.7721934,goal
3269,-6.795156,7.964474,goal
3253,-5.6234355,9.48516,goal
8643,-7.621945,4.208484,goal
3433,-6.9170346,1.9849975,goal
8644,-7.352369,8.314337,goal
8678,-7.421245,5.7469835,goal
3312,-5.692267,7.093712,goal
8593,-5.873734,5.9061747,goal
3224,-6.1557183,4.3070207,goal
8734,-6.0049143,7.9534254,goal
8716,-7.0463486,2.3195543,goal
3387,-7.729842,3.205929,goal
8605,-6.3221445,4.7652164,goal
3461,-7.7536554,5.716211,goal
3494,-5.9276567,2.6611786,goal
8726,-6.5401974,1.7345663,goal
8632,-7.3857975,6.2834945,goal
8634,-6.8577147,4.1685314,goal
3236,-5.835189,2.0628932,goal
3449,-5.980416,6.0268455,goal
3266,-6.6214437,6.0617166,goal
8630,-5.665408,4.299733,goal
3425,-5.228605,5.3947034,goal
3246,-5.563642,2.2108862,goal
8691,-6.8020144,6.658434,goal
8664,-7.1948295,4.809215,goal
3408,-7.391125,2.8202724,goal
8729,-5.118321,3.0665414,goal
3492,-6.150906,3.6345072,goal
3211,-5.4902215,3.767993,goal
8724,-6.441394,2.0717347,goal
8732,-7.147888,5.343845,goal
3310,-5.700597,6.7667055,goal
3209,-7.1183333,8.307333,goal
8702,-6.314021,3.8981602,goal
8705,-7.076337,9.27435,goal
8699,-5.4889984,4.3826838,goal
3247,-6.5908284,2.3221133,goal
3376,-5.4621205,8.598723,goal
3463,-7.913063,6.91126,goal
3273,-6.466102,7.317342,goal
3218,-7.724643,7.7901387,goal
3365,-6.0939374,5.0407867,goal
3432,-7.333388,5.104814,goal
3215,-4.9875164,4.8088136,goal
3239,-6.4604163,1.6002164,goal
3234,-7.284058,3.76862,goal
8618,-8.117056,4.557594,goal
3318,-6.4516406,1.9699881,goal
8703,-5.4261217,7.957993,goal
8694,-7.423019,2.751661,goal
3437,-6.3957176,4.663651,goal
8704,-7.8753266,6.3021064,goal
8730,-5.1496763,3.6462784,goal
8731,-7.052474,4.225683,goal
3267,-7.1200404,2.220419,goal
8663,-6.3946714,2.9975526,goal
3207,-6.559031,8.26846,goal
8656,-5.901132,8.221967,goal
3251,-7.1986322,8.12387,goal
8608,-8.16977,4.0916786,goal
3261,-7.110804,7.242672,goal
