{"batch_size": "CategoricalDistribution(choices=(2048,))", "learning_rate": "FloatDistribution(high=0.001, log=True, low=1e-05, step=None)", "gen_layer0": "IntDistribution(high=1500, log=False, low=750, step=1)", "gen_layer1": "IntDistribution(high=1500, log=False, low=750, step=1)", "gen_layer2": "IntDistribution(high=1500, log=False, low=750, step=1)", "disc_layer0": "IntDistribution(high=1500, log=False, low=750, step=1)", "disc_layer1": "IntDistribution(high=1500, log=False, low=750, step=1)", "disc_layer2": "IntDistribution(high=1500, log=False, low=750, step=1)", "dropout_rate": "FloatDistribution(high=0.25, log=False, low=0.01, step=None)"}